Workbook

Sheet raw
A1: ticket_id | B1: month | C1: team_id | D1: channel | E1: resolution_hours | F1: satisfaction
A2: 1 | B2: Jan | C2: T1 | D2: Email | E2: 12 | F2: 4
A3: 2 | B3: Jan | C3: T2 | D3: Chat | E3: 28 | F3: 3
A4: 3 | B4: Jan | C4: T3 | D4: Phone | E4: 36 | F4: 2
A5: 4 | B5: Jan | C5: T4 | D5: Email | E5: 20 | F5: 4
A6: 5 | B6: Feb | C6: T1 | D6: Chat | E6: 8 | F6: 5
A7: 6 | B7: Feb | C7: T2 | D7: Phone | E7: 30 | F7: 3
A8: 7 | B8: Feb | C8: T3 | D8: Email | E8: 18 | F8: 4
A9: 8 | B9: Feb | C9: T4 | D9: Chat | E9: 40 | F9: 2
A10: 9 | B10: Mar | C10: T1 | D10: Phone | E10: 16 | F10: 4
A11: 10 | B11: Mar | C11: T2 | D11: Email | E11: 22 | F11: 4
A12: 11 | B12: Mar | C12: T3 | D12: Chat | E12: 32 | F12: 3
A13: 12 | B13: Mar | C13: T4 | D13: Phone | E13: 24 | F13: 5
A14: 12 | B14: Mar | C14: T4 | D14: Phone | E14: 24 | F14: 5

Sheet lookup
A1: team_id | B1: team | C1: department
A2: T1 | B2: AccountCare | C2: Service
A3: T2 | B3: BillingHelp | C3: Service
A4: T3 | B4: AppSupport | C4: Technical
A5: T4 | B5: DeviceHelp | C5: Technical

Sheet clean
A1: ticket_id | B1: month | C1: team_id | D1: channel | E1: resolution_hours | F1: satisfaction | G1: department | H1: breach_flag
A2: 1 | B2: Jan | C2: T1 | D2: Email | E2: 12 | F2: 4 | G2: =_xlfn.XLOOKUP(clean!C2,lookup!$A$2:$A$5,lookup!$C$2:$C$5) -> Service | H2: =IF(E2>24,1,0) -> 0
A3: 2 | B3: Jan | C3: T2 | D3: Chat | E3: 28 | F3: 3 | G3: =_xlfn.XLOOKUP(clean!C3,lookup!$A$2:$A$5,lookup!$C$2:$C$5) -> Service | H3: =IF(E3>24,1,0) -> 1
A4: 3 | B4: Jan | C4: T3 | D4: Phone | E4: 36 | F4: 2 | G4: =_xlfn.XLOOKUP(clean!C4,lookup!$A$2:$A$5,lookup!$C$2:$C$5) -> Technical | H4: =IF(E4>24,1,0) -> 1
A5: 4 | B5: Jan | C5: T4 | D5: Email | E5: 20 | F5: 4 | G5: =_xlfn.XLOOKUP(clean!C5,lookup!$A$2:$A$5,lookup!$C$2:$C$5) -> Technical | H5: =IF(E5>24,1,0) -> 0
A6: 5 | B6: Feb | C6: T1 | D6: Chat | E6: 8 | F6: 5 | G6: =_xlfn.XLOOKUP(clean!C6,lookup!$A$2:$A$5,lookup!$C$2:$C$5) -> Service | H6: =IF(E6>24,1,0) -> 0
A7: 6 | B7: Feb | C7: T2 | D7: Phone | E7: 30 | F7: 3 | G7: =_xlfn.XLOOKUP(clean!C7,lookup!$A$2:$A$5,lookup!$C$2:$C$5) -> Service | H7: =IF(E7>24,1,0) -> 1
A8: 7 | B8: Feb | C8: T3 | D8: Email | E8: 18 | F8: 4 | G8: =_xlfn.XLOOKUP(clean!C8,lookup!$A$2:$A$5,lookup!$C$2:$C$5) -> Technical | H8: =IF(E8>24,1,0) -> 0
A9: 8 | B9: Feb | C9: T4 | D9: Chat | E9: 40 | F9: 2 | G9: =_xlfn.XLOOKUP(clean!C9,lookup!$A$2:$A$5,lookup!$C$2:$C$5) -> Technical | H9: =IF(E9>24,1,0) -> 1
A10: 9 | B10: Mar | C10: T1 | D10: Phone | E10: 16 | F10: 4 | G10: =_xlfn.XLOOKUP(clean!C10,lookup!$A$2:$A$5,lookup!$C$2:$C$5) -> Service | H10: =IF(E10>24,1,0) -> 0
A11: 10 | B11: Mar | C11: T2 | D11: Email | E11: 22 | F11: 4 | G11: =_xlfn.XLOOKUP(clean!C11,lookup!$A$2:$A$5,lookup!$C$2:$C$5) -> Service | H11: =IF(E11>24,1,0) -> 0
A12: 11 | B12: Mar | C12: T3 | D12: Chat | E12: 32 | F12: 3 | G12: =_xlfn.XLOOKUP(clean!C12,lookup!$A$2:$A$5,lookup!$C$2:$C$5) -> Technical | H12: =IF(E12>24,1,0) -> 1
A13: 12 | B13: Mar | C13: T4 | D13: Phone | E13: 24 | F13: 5 | G13: =_xlfn.XLOOKUP(clean!C13,lookup!$A$2:$A$5,lookup!$C$2:$C$5) -> Technical | H13: =IF(E13>24,1,0) -> 0
A16: Remove duplicates | G16: above add new column
B17: before row count | D17: 13
A18: after row count | D18: 12

Sheet Summary
A1: COUNTIFS
A2: (breach_flag = 1) by channel
G3: Average of resolution_hours | H3: Column Labels
G4: Row Labels | H4: Jan | I4: Feb | J4: Mar | K4: Grand Total
A5: channel | B5: breach_flag | G5: Service | H5: 20 | I5: 19 | J5: 19 | K5: 19.333333
A6: Email | B6: =COUNTIFS(clean!$D$2:$D$13,A6,clean!$H$2:$H$13,1) -> 0 | G6: Technical | H6: 28 | I6: 29 | J6: 28 | K6: 28.333333
A7: Chat | B7: =COUNTIFS(clean!$D$2:$D$13,A7,clean!$H$2:$H$13,1) -> 3 | G7: Grand Total | H7: 24 | I7: 24 | J7: 23.5 | K7: 23.833333
A8: Phone | B8: =COUNTIFS(clean!$D$2:$D$13,A8,clean!$H$2:$H$13,1) -> 2
